{"stats":{"minecraft:dropped":{"minecraft:wheat_seeds":1},"minecraft:custom":{"minecraft:time_since_rest":28641,"minecraft:open_chest":4,"minecraft:crouch_one_cm":2139,"minecraft:sprint_one_cm":87710,"minecraft:play_time":28641,"minecraft:damage_taken":160,"minecraft:walk_one_cm":59592,"minecraft:sneak_time":551,"minecraft:drop":1,"minecraft:jump":239,"minecraft:damage_dealt":20,"minecraft:leave_game":1,"minecraft:time_since_death":28641,"minecraft:climb_one_cm":86,"minecraft:total_world_time":28641,"minecraft:interact_with_crafting_table":1,"minecraft:talked_to_villager":1,"minecraft:fall_one_cm":6284,"minecraft:fly_one_cm":745721},"minecraft:used":{"minecraft:stone_axe":7,"minecraft:dirt":6,"minecraft:hay_block":1,"minecraft:crafting_table":1,"minecraft:bread":4},"minecraft:crafted":{"minecraft:cherry_planks":4,"minecraft:crafting_table":1,"minecraft:bread":1},"minecraft:picked_up":{"minecraft:wheat":9,"minecraft:pink_petals":8,"minecraft:brown_mushroom":2,"minecraft:bowl":1,"minecraft:wheat_seeds":1,"minecraft:hay_block":22,"minecraft:cherry_log":1,"minecraft:bread":3,"minecraft:book":18,"minecraft:chest":1,"minecraft:dirt":23,"minecraft:egg":1},"minecraft:mined":{"minecraft:hay_block":22,"minecraft:grass_block":5,"minecraft:chest":1,"minecraft:dirt":2,"minecraft:bookshelf":6}},"DataVersion":3465}