{"stats":{"minecraft:dropped":{"minecraft:wheat_seeds":1,"minecraft:skeleton_skull":1},"minecraft:custom":{"minecraft:waystone_activated":1,"minecraft:time_since_rest":10946,"minecraft:sprint_one_cm":187854,"minecraft:damage_taken":310,"minecraft:walk_one_cm":93990,"minecraft:drop":2,"minecraft:damage_dealt":20,"minecraft:traded_with_villager":1,"minecraft:swim_one_cm":10307,"minecraft:talked_to_villager":3,"minecraft:interact_with_crafting_table":2,"minecraft:fly_one_cm":1186341,"minecraft:open_barrel":2,"minecraft:open_chest":19,"minecraft:crouch_one_cm":2297,"minecraft:play_time":44310,"minecraft:sneak_time":713,"minecraft:walk_under_water_one_cm":461,"minecraft:jump":647,"minecraft:leave_game":2,"minecraft:walk_on_water_one_cm":8300,"minecraft:time_since_death":44310,"minecraft:sleep_in_bed":1,"minecraft:total_world_time":44310,"minecraft:climb_one_cm":86,"minecraft:fall_one_cm":20188},"minecraft:used":{"minecraft:bread":10,"iceandfire:graveyard_soil":1,"minecraft:iron_helmet":1,"minecraft:iron_boots":1,"minecraft:iron_chestplate":1,"minecraft:stone_axe":13,"minecraft:dirt":15,"minecraft:hay_block":1,"minecraft:crafting_table":1,"minecraft:iron_leggings":1},"minecraft:mined":{"minecraft:hay_block":22,"minecraft:oak_fence":1,"minecraft:bookshelf":6,"minecraft:grass_block":5,"minecraft:vine":2,"iceandfire:ghost_chest":1,"minecraft:chest":2,"minecraft:dirt":2},"minecraft:crafted":{"minecraft:cherry_planks":4,"blue_skies:blue_journal":1,"minecraft:crafting_table":1,"minecraft:bread":67,"minecraft:wheat":189},"minecraft:picked_up":{"minecraft:book":18,"minecraft:pink_petals":8,"iceandfire:ghost_chest":1,"minecraft:wheat":9,"iceandfire:copper_sword":1,"minecraft:oak_fence":1,"minecraft:brown_mushroom":2,"minecraft:bowl":1,"minecraft:cherry_log":1,"minecraft:chain":1,"iceandfire:manuscript":5,"minecraft:dirt":23,"minecraft:paper":2,"minecraft:rotten_flesh":5,"iceandfire:silver_ingot":2,"minecraft:bone":1,"minecraft:bow":1,"iceandfire:graveyard_soil":5,"minecraft:wheat_seeds":1,"minecraft:gold_nugget":21,"minecraft:hay_block":22,"minecraft:cobweb":3,"minecraft:gold_ingot":2,"minecraft:bread":3,"minecraft:sugar_cane":1,"minecraft:chest":2,"minecraft:skeleton_skull":1,"minecraft:egg":1}},"DataVersion":3465}