{"stats":{"minecraft:custom":{"minecraft:jump":136,"minecraft:open_chest":3,"minecraft:time_since_rest":16641,"minecraft:damage_dealt":20,"minecraft:crouch_one_cm":164,"minecraft:leave_game":1,"minecraft:play_time":16641,"minecraft:sprint_one_cm":46264,"minecraft:time_since_death":16641,"minecraft:walk_one_cm":24284,"minecraft:sneak_time":276,"minecraft:total_world_time":16641,"minecraft:talked_to_villager":1,"minecraft:fall_one_cm":1790,"minecraft:fly_one_cm":703940},"minecraft:picked_up":{"minecraft:pink_petals":3}},"DataVersion":3465}